p_evap,dT_cd,net_power,T_injection>=70,T_injection,p_ratio_crit,T_turbine_in,T_preheater_out,m_workingfluid,evap_steam_UA,evap_brine_UA,preheater_UA,evap_steam_pinch,evap_brine_pinch,preheater_ttd_min,thermal_efficiency
10.938757785384887,20.605490632435853,13.220119098444497,-0.9118495146192913,70.91184951461929,0.3238234986792447,120.35526708458963,115.35526708459042,234.59365742920843,895027.2254731247,1118709.2530906592,2228974.6692454787,39.64473291563945,10.0,13.452718843135756,0.12526558795572593
10.409863804620667,20.365190682911745,13.039691439095273,0.10681951077970098,69.8931804892203,0.30816648326289714,117.80935931413717,112.80935931413808,238.08420196384222,843719.2597485781,1155167.097313549,2199421.761568975,42.19064068609191,10.0,13.710849062933562,0.12266318122425882
6.508179383250958,14.690919650454802,11.128351235689045,9.616572312107735,60.383427687892265,0.192663688077293,95.23637308751364,90.23637308751245,268.1808047067674,559462.231885566,1408812.7092951566,1844814.0462085768,64.76362691271544,10.0,16.002602548187724,0.09807233815453216
17.828961473161833,7.924426182421037,14.708129990617959,-7.710126424747102,77.7101264247471,0.5277963727993438,147.25570974108177,142.25570974108058,196.3723275338855,2512358.497511641,479394.7365563341,2396150.50663763,12.744290259147306,10.0,10.736571118263498,0.14648451628270936
9.183468561368798,16.583429632593894,12.96247579188814,4.560584076506359,65.43941592349364,0.2718611178617169,111.5140226565216,106.51402265652274,246.62708268697915,738985.0264744591,1237010.0100800204,2163598.9037795593,48.485977343707475,10.0,14.349570673547134,0.11820390133176133
8.910900615594059,17.91142564550657,12.628356821310273,4.073986497818169,65.92601350218183,0.26379220294831435,110.03110019789028,105.03110019789148,248.62174661494112,717992.749428461,1254802.795662254,2114704.8826059876,49.9688998023388,10.0,14.500098841943043,0.11554345198497099
12.210660664395732,6.7276016042716265,13.826379650346642,5.153039139653458,64.84696086034654,0.3614760409827037,126.1238821787876,121.12388217878879,226.60524171461083,1038097.257976769,1027115.1591800242,2435010.2089635665,33.87611782144148,10.0,12.86832999398041,0.12557058194979975
12.581653039909288,22.81534197332455,13.416696966565171,-5.088373856395208,75.08837385639521,0.37245864534959405,127.72202051345101,122.72202051345107,224.37216282431396,1086211.9926904764,999125.9670871272,2274399.2215776793,32.277979486778065,10.0,12.706572271761615,0.13104012560360984
6.460785500512345,25.67958244102779,9.220267418518201,1.13176170719305,68.86823829280695,0.19126067201043057,94.90631968917552,89.90631968917455,268.6104870660991,556720.292211606,1411845.3719729974,1552364.6452198625,65.09368031105356,10.0,16.036126078499308,0.08610826923776294
7.722507777952336,10.687152688083415,12.44594313473492,10.885838718287062,59.11416128171294,0.22861183475288144,103.1423138933755,98.14231389337442,257.8037564021947,634297.6081419475,1331318.2195861028,2115160.114643532,56.85768610685358,10.0,15.199598228960667,0.10876782970478148
12.269379326037857,23.84660355844521,13.173284833943226,-5.178125850510696,75.1781258505107,0.3632143080532225,126.37920830432557,121.37920830432682,226.24906325368786,1045495.7567625974,1022728.1121967793,2250323.4647953925,33.620791695903506,10.0,12.842482320642773,0.12874789710031406
10.721760015169941,19.791865466367085,13.254135797519204,-0.03163856240644236,70.03163856240644,0.3173996452092937,119.32199934267805,114.32199934267891,236.01284980560783,873468.7069259534,1133767.120691002,2227792.7364310804,40.678000657551024,10.0,13.557467890715088,0.12480300486874586
7.640851404522415,14.916516434091022,12.13342122794753,8.003566965620678,61.99643303437932,0.22619453536182402,102.64082890080527,97.64082890080641,258.46695204626855,628960.7196362831,1336534.1028888158,2022066.8762182384,57.359171099423804,10.0,15.250530403152936,0.1080871074285738
11.376283263031148,20.47973730664073,13.397783306980237,-1.567244766006354,71.56724476600635,0.33677570346450997,122.39325666419853,117.3932566641991,231.7841758184532,940831.4314979957,1087883.9871531755,2253953.603606722,37.60674333603055,10.0,13.246176452483269,0.12754636628970445
6.570892115832209,18.521449109203644,10.65470729552748,6.632444912907147,63.36755508709285,0.1945201928902371,95.67037472636673,90.67037472636787,267.61537714841717,563109.120647498,1404802.0983531724,1764128.3312561987,64.32962527386235,10.0,15.958520722204867,0.09579583886609602
10.451109310253123,15.569100649606398,13.684530668432789,3.1300009271904514,66.86999907280955,0.30938748698203444,118.01130318123688,113.01130318123768,237.80809476490475,847573.0836533643,1152352.7777725137,2271375.7493678257,41.988696818992196,10.0,13.690369719498392,0.12602728831519752
9.279416636287202,29.021527142392358,10.979060682324143,-4.1656737976982186,74.16567379769822,0.27470149900198937,112.02827525025077,107.02827525025185,245.9338227099371,746554.5862315011,1230717.711045904,1943666.6467664945,47.97172474997831,10.0,14.297375507949482,0.10650763501214028
7.647171886682521,8.444045212708772,12.200977848305335,12.576005768445498,57.4239942315545,0.22638164258977267,102.67978701608183,97.67978701608291,258.41545610947037,629372.0974336399,1336130.482613388,2147764.2406495814,57.32021298414725,10.0,15.246573677834704,0.10545419028550251
15.227552365854294,11.901788200224289,14.9556525711742,-4.04274638295982,74.04274638295982,0.4507860380655504,138.20577080752366,133.2057708075224,209.50333348666095,1561244.2419670937,774854.6840392633,2406940.016579008,21.794229192705416,10.0,11.647395439544425,0.14495405054676097
15.535223726196863,28.62805443479384,13.090811746552424,-13.764545599777705,83.7645455997777,0.4598941304380362,139.33408574919855,134.3340857491974,207.880444354522,1638445.5044041108,744980.960543711,2275269.850777842,20.66591425103053,10.0,11.533637971141388,0.13659830363922212
14.025730623967988,21.45103626368369,13.919734259900682,-6.910159153623113,76.91015915362311,0.4152081297799878,133.62766650663326,128.6276665066344,216.04337572121366,1310802.8257349338,882986.0382547525,2323437.1625105594,26.372333493595818,10.0,12.109466520414117,0.13780377362292648
17.49827878825032,28.923208283096017,13.205205924180213,-17.609194511776934,87.60919451177693,0.518007068923929,146.16301855803312,141.1630185580342,197.97070388178054,2339828.6860621893,523777.9932315707,2277986.810803517,13.836981442195963,10.0,10.84633696711785,0.1421020042306649
12.473359645519587,25.2409356710832,13.013662567926474,-6.379922545017735,76.37992254501773,0.3692528018211837,127.25918092604343,122.25918092604462,225.0197923600555,1071824.0185404788,1007363.8730412557,2241036.894971463,32.74081907418565,10.0,12.753412226960563,0.12832533575475286
7.000190863230324,14.41342571306745,11.641082098487697,9.223401271289958,60.77659872871004,0.20722885918384615,98.56158168403198,93.56158168403306,263.83632189738864,588672.7468358359,1377397.3465193652,1937127.8811343347,61.4384183161971,10.0,15.664855021368737,0.10285937128694855
10.142107674635678,9.061425116123257,13.718501721064136,7.819374426047773,62.18062557395223,0.30024001405078976,116.48376428832188,111.4837642883229,239.89337893583726,819267.6374615341,1173328.0709779141,2341900.2678403733,43.5162357119072,10.0,13.84529576600346,0.1223585745912022
6.531268154416968,16.647670758323187,10.899459208920383,8.10589888937892,61.89410111062108,0.19334719225627495,95.39651806520015,90.39651806519907,267.97221963016045,560802.40552864,1407335.8432334377,1802346.377313807,64.60348193502892,10.0,15.9863365531304,0.09702808515559708
5.889595957322369,27.85174634889897,8.068973335952048,-0.3165425425804642,70.31654254258046,0.1743515677123259,90.77949315942925,85.77949315943027,273.96016272077617,524575.087765988,1448557.1562709312,1346762.87751543,69.22050684079983,10.0,16.455263356634532,0.07613271289147575
17.739267091770287,14.319799635333425,14.922284729611766,-10.65576693801438,80.65576693801438,0.5251411217220333,146.96085598186556,141.96085598186664,196.80394341234776,2463326.4148059515,491700.5219253892,2365678.620268517,13.039144018363515,10.0,10.76618444226932,0.15198420940603277
16.050184445299926,22.243859607711933,14.049412814363027,-11.251350977862842,81.25135097786284,0.4751386751124904,141.18563222771468,136.18563222771581,205.20810640446,1783208.7494157807,692539.5953776763,2329902.610483357,18.8143677725144,10.0,11.347079144578572,0.1437526370663844
7.500779010388772,14.489117239189028,12.066828215772757,8.503850898641474,61.496149101358526,0.2220479280754521,101.77125581714762,96.77125581714876,259.61529848737126,619916.4925242772,1345475.0558111386,2011351.4230847599,58.22874418308146,10.0,15.338848686766482,0.1071342455703854
6.124251527028433,19.69325044878388,9.956451110584439,6.143210430249269,63.85678956975073,0.181298150592908,92.50939696235133,87.50939696235133,271.72276313755845,537586.6019881698,1433433.0814603649,1639639.4754223344,67.49060303787775,10.0,16.279574013434114,0.08981550172725769
9.128479648824518,15.771103084339423,13.029477814551859,5.194853882199709,64.80514611780029,0.2702332637307436,111.21750270807053,106.21750270806922,247.02645603670578,734689.8035558616,1240609.1568700639,2172267.5335676833,48.78249729215855,10.0,14.379667922797353,0.11829930260803787
14.835904596927666,11.391496049739658,14.926759719915633,-2.9424402182625613,72.94244021826256,0.43919196556920265,136.74451498632556,131.74451498632556,211.5986685046597,1471480.5520563812,811488.9399029119,2412001.8078394984,23.255485013903524,10.0,11.794795670665394,0.14351936112706726
10.038499913620475,25.9672209125809,11.952294432734462,-3.0491394298163073,73.04913942981631,0.29717288080581633,115.96386734669773,110.96386734669875,240.60141116681348,810060.6279204633,1180307.03597726,2079476.9641980862,44.036132653531354,10.0,13.898033209882499,0.11500916672433179
17.16552394883422,5.010405328727089,13.383446032113149,-4.779225058443103,74.7792250584431,0.5081564224048023,145.04758970827038,140.0475897082692,199.59900081231544,2186685.363097637,565921.5857190796,2422906.2605062565,14.9524102919587,10.0,10.958449555323568,0.1304182233018166
17.173101027981254,27.916609565747777,13.333262048719169,-16.455021327387158,86.45502132738716,0.508380729069901,145.0731699573313,140.07316995733248,199.56169820352207,2189971.12984014,564987.5698006465,2286172.6026249975,14.926830042897791,10.0,10.95587777089463,0.14214489839725927
5.635942328307021,25.12363948582398,8.285059921070602,2.0652363853567977,67.9347636146432,0.16684257928676793,88.85085743660727,83.8508574366083,276.44609309651446,510792.07559073064,1464993.1742029954,1361496.652621687,71.14914256362181,10.0,16.65112022976149,0.07686917404936894
16.574958719329842,21.00737951728013,14.239684571412386,-11.640489517450305,81.6404895174503,0.49067373355032096,143.0270824399368,138.02708243993686,202.539323136073,1955132.4417997783,635460.7842528444,2337265.194520898,16.972917560292274,10.0,11.161687036430408,0.1461390408226845
12.835776910743293,10.811251973247138,14.63600116965363,1.5132868195075275,68.48671318049247,0.3799815544921046,128.7966155560253,123.79661555602644,222.86567928414487,1121157.0851755105,979562.857128633,2406292.527751652,31.203384444203778,10.0,12.597844648874172,0.13631974890754517
10.078515323580579,29.769015365799675,11.300489849461968,-5.695650137063751,75.69565013706375,0.2983574696145819,116.1651310912298,111.16513109123059,240.32741744040638,813600.1906740753,1177614.7000715174,2014895.961868997,43.83486890899928,10.0,13.8776168743438,0.11086747719760388
16.107328042925598,20.605490632435853,14.26436139172834,-10.489233416808531,80.48923341680853,0.4768303150658851,141.3883291909803,136.3883291909803,204.91487134425788,1800631.6922971576,686513.6996750447,2341898.9931162614,18.61167080924878,10.0,11.326664723265992,0.14509734410886688
17.558803304607807,20.365190682911745,14.344458820940813,-13.312340214760582,83.31234021476058,0.5197987952814626,146.36417503380585,141.36417503380585,197.6766915492202,2369775.077250656,515851.50485356984,2333691.643440954,13.635824966423229,10.0,10.826125257761419,0.1491478464966311
14.94068079438626,14.690919650454802,14.797116272946582,-4.945204554067914,74.94520455406791,0.4422936884069349,137.13824201617268,132.13824201617376,211.03481222792578,1494632.080795302,801832.3709081368,2387413.0023273253,22.861757984056396,10.0,11.755071339445863,0.14437027111145695
17.828961473161833,10.149580725739355,14.980395782650389,-8.796208229776255,78.79620822977625,0.5277963727993438,147.25570974108177,142.25570974108058,196.37232753388673,2512358.497511641,479394.7365564123,2385465.101130964,12.744290259147306,10.0,10.736571118264521,0.15042456752948394
9.183468561368798,8.238259264408967,13.141315537776908,10.104436250615208,59.89556374938479,0.2718611178617169,111.5140226565216,106.51402265652274,246.62708268697298,738985.0264744591,1237010.0100799198,2294687.4030844383,48.485977343707475,10.0,14.349570673548612,0.11543848109525352
8.910900615594059,9.261875832366073,13.14260328483365,9.910616205727592,60.08938379427241,0.26379220294831435,110.03110019789028,105.03110019789148,248.6217466149431,717992.749428461,1254802.7956623193,2258534.0927069923,49.9688998023388,10.0,14.500098841940485,0.11559801339075025
15.467483419741969,6.7276016042716265,14.312666830290548,-1.83314969721323,71.83314969721323,0.4578887927691524,139.08711136396477,134.08711136396357,208.23604179825887,1620899.249047077,751646.3169993164,2439072.1888534455,20.912888636264313,10.0,11.558533644360693,0.13651665606538463
14.752534528476264,22.81534197332455,13.839290243490359,-9.054898022379234,79.05489802237923,0.4367239351236313,136.42973887551574,131.429738875517,212.04907544934125,1453482.369361136,819100.862261488,2319740.13834183,23.57026112471334,10.0,11.82655865753901,0.13923934089475498
13.014531969700794,25.67958244102779,13.088041364508094,-7.5692625175479975,77.569262517548,0.3852732969123977,129.54306126373575,124.54306126373581,221.81687578861866,1146786.857294946,965597.6113937739,2255127.113441076,30.456938736493328,10.0,12.52233852305801,0.13021146147530102
7.722507777952336,11.615125591951958,12.43962803800683,10.232639801477092,59.76736019852291,0.22861183475288144,103.1423138933755,98.14231389337442,257.8037564021992,634297.6081419475,1331318.219586197,2097602.3379062065,56.85768610685358,10.0,15.199598228960895,0.10918198418225643
12.269379326037857,19.26350552993032,13.8397463138205,-2.3855678030132026,72.3855678030132,0.3632143080532225,126.37920830432557,121.37920830432682,226.2490632536848,1045495.7567625974,1022728.1121966988,2305383.8455242403,33.620791695903506,10.0,12.842482320645445,0.13253256422708565
16.757160883024476,19.791865466367085,14.39517674589298,-11.374358034619206,81.3743580346192,0.4960675216999549,143.65616623797536,138.6561662379765,201.62517030553164,2021761.9076484183,614657.4948446758,2344365.210541292,16.343833762253723,10.0,11.09838829242176,0.14743063875473042
16.528256919508063,14.916516434091022,14.874798675483774,-8.372866941763789,78.37286694176379,0.4892912054324471,142.86499810550526,137.86499810550413,202.77465842443183,1938674.1358390825,640706.6438490927,2377551.693203356,17.135001894723814,10.0,11.17799904025162,0.14888635770660208
11.376283263031148,13.232204961330762,14.211612967130497,2.9206466994347693,67.07935330056523,0.33677570346450997,122.39325666419853,117.3932566641991,231.7841758184587,940831.4314979957,1087883.9871533825,2344537.3500936595,37.60674333603055,10.0,13.246176452481677,0.13107190813328523
17.049289519844386,18.521449109203644,14.547933158580522,-11.318292754531967,81.31829275453197,0.5047154979231612,144.6541086710754,139.65410867107533,200.17255979957275,2137364.210435948,580108.7433984942,2350095.426206563,15.345891329153687,10.0,10.998013359674303,0.1489305202907984
10.451109310253123,16.23054121946894,13.611752211595512,2.70717186932319,67.29282813067681,0.30938748698203444,118.01130318123688,113.01130318123768,237.8080947649012,847573.0836533643,1152352.777772469,2262158.7883408777,41.988696818992196,10.0,13.690369719499301,0.1257260427405605
11.49766292853937,29.021527142392358,12.070057224946641,-7.200248581115488,77.20024858111549,0.3403689440064941,122.94832108223244,117.94832108223301,231.0165958671089,954131.3519562107,1079213.8341132265,2139632.2600920284,37.05167891799664,10.0,13.18993792789712,0.11975177675320757
17.492441833271144,8.444045212708772,14.810364038836124,-7.209042118484604,77.2090421184846,0.5178342757037047,146.1435912975919,141.14359129759083,197.9990931681454,2336976.830658731,524537.9773651606,2399980.2130695838,13.856408702637168,10.0,10.848289079789652,0.14694911409595443
15.227552365854294,14.9599748968477,14.80145777935559,-5.680805442496762,75.68080544249676,0.4507860380655504,138.20577080752366,133.2057708075224,209.50333348666206,1561244.2419670937,774854.6840392776,2385089.3107163818,21.794229192705416,10.0,11.64739543954289,0.14519901038818828
14.31109645553931,28.62805443479384,12.905576219755924,-11.569198479481031,81.56919847948103,0.42365590454527263,134.74049354883283,129.74049354883402,214.4603287689788,1363969.6839386262,858406.4744626047,2256862.097059505,25.25950645139625,10.0,11.997077565223208,0.13237418812162985
15.205537060513372,23.30220779814747,13.827337809804154,-10.188275553280505,80.1882755532805,0.4501343120341436,138.12438185704332,133.12438185704218,209.62023108618325,1555956.6882763852,776954.0033729968,2319140.3407417336,21.87561814318576,10.0,11.655603120217279,0.1403274778192685
17.49827878825032,11.688088602773291,15.021847979276814,-8.825615759636605,78.8256157596366,0.518007068923929,146.16301855803312,141.1630185580342,197.97070388178514,2339828.6860621893,523777.9932317756,2383361.092276126,13.836981442195963,10.0,10.84633696711586,0.150874446330689
