fluid,T_inj,T_geo,x_steam,m_geo,cooling_fluid,T_amb,P_amb,dT_cd,dT_pp_evap,dT_pp_cond,dT_ap_pre,p_evap_opt,net_power_opt,T_injection_opt,p_ratio_crit,T_turbine_in,T_preheater_out,m_workingfluid,preheater_ttd_min,evap_steam_pinch,evap_brine_pinch,thermal_efficiency,p_lo,p_hi,constrained,CV
n-Pentane,65,140.0,0.1,180,air,15,0.6,15,10,10,5,10.253098259279495,10.895386722698564,86.21289888819831,0.3044703912674519,126.15659578908253,121.1565957890835,161.317656660643,10.850456243666429,13.84340421081265,10.0,0.13686893725576474,5.051,10.627,True,0.0
n-Pentane,65,160.0,0.1,180,air,15,0.6,15,10,10,5,13.45659308175273,14.37268049111914,83.88198971773386,0.3995996192682595,140.57485511672706,135.5748551167261,186.07719111464687,11.408603821016868,19.425144883502014,10.0,0.1501132122178851,5.051,15.371,True,0.0
n-Pentane,65,150.0,0.1,180,air,15,0.6,15,10,10,5,11.682194861075693,12.538242291091452,85.35900184966522,0.34690806137502883,132.95133897310654,127.95133897310728,173.6088361830038,11.170823109721084,17.048661026833884,10.0,0.14341236199931817,5.051,12.836,True,0.0
n-Pentane,65,190.0,0.1,180,air,15,0.6,15,10,10,5,25.288999999998534,22.39844054671548,69.39914186434942,0.750968295636252,178.00109023169364,173.00109023170148,231.44471590034604,10.65599410951512,11.998909768222234,10.0,0.17435611066020532,5.051,25.289,True,0.0
n-Pentane,65,170.0,0.1,180,air,15,0.6,15,10,10,5,15.851017494193986,16.452563873564507,81.77922083305742,0.4707031354231469,149.7513939158394,144.7513939158382,198.41844759838307,11.490398656451703,20.248606084072435,10.0,0.1573454584267489,5.051,18.265,True,0.0
n-Pentane,65,180.0,0.1,180,air,15,0.6,15,10,10,5,20.213315865986523,18.914912911770113,79.82859739069119,0.6002435590587999,164.0745453927317,159.07454539273067,208.29940229938978,11.053076287772,15.925454607340725,10.0,0.1669486952448636,5.051,21.555,True,0.0
n-Pentane,75,140.0,0.1,180,air,15,0.6,15,10,10,5,10.253097471705239,10.895386722698635,86.21289584905225,0.3044703678800781,126.15659185574356,121.15659185574225,161.31766326171083,10.850456638428,13.843408144151624,10.0,0.13686893330422314,5.051,10.627,True,0.0
n-Pentane,75,150.0,0.1,180,air,15,0.6,15,10,10,5,11.682192995087153,12.538242291091647,85.35899555957604,0.34690800596365495,132.9513305158718,127.95133051587243,173.60884990496007,11.170823960126938,17.048669484068625,10.0,0.14341235419850226,5.051,12.836,True,0.0
n-Pentane,75,160.0,0.1,180,air,15,0.6,15,10,10,5,13.456592975126542,14.372680491119263,83.8819894106648,0.39959961610194655,140.5748546818112,135.57485468181102,186.07719178649663,11.408603864831548,19.42514531841789,10.0,0.15011321185402907,5.051,15.371,True,0.0
n-Pentane,75,170.0,0.1,180,air,15,0.6,15,10,10,5,15.851014951008452,16.45256387356386,81.7792148530499,0.47070305990210193,149.7513847401305,144.7513847401293,198.41846066310515,11.490399582239206,20.24861525978133,10.0,0.15734545162922203,5.051,18.265,True,0.0
n-Pentane,75,180.0,0.1,180,air,15,0.6,15,10,10,5,20.21331931501193,18.914912911770266,79.82860298232498,0.6002436614791696,164.0745557394946,159.07455573949346,208.2993904321061,11.053075245192872,15.92544426057782,10.0,0.1669487014660551,5.051,21.555,True,0.0
Isopentane,65,140.0,0.1,180,air,15,0.6,15,10,10,5,12.646999999911943,11.130192402422548,83.4568398132775,0.37439313202818064,127.99987871801505,122.99987871801511,172.9216871057361,10.665524745949313,12.000121281880126,10.0,0.13625225800811944,5.067,12.647,True,0.0
Isopentane,65,150.0,0.1,180,air,15,0.6,15,10,10,5,14.603329640774646,12.875533897648525,82.11070978998816,0.4323069757482133,135.863057072083,130.8630570720818,185.95566389860213,10.87821204974125,14.136942927857433,10.0,0.1432477617749407,5.067,15.172,True,0.0
Isopentane,65,170.0,0.1,180,air,15,0.6,15,10,10,5,21.34099999999857,17.31985489406494,76.19465221384934,0.6317643576080098,158.00087488688735,153.0008748868862,213.47079111951496,10.659864873012282,11.99912511302449,10.0,0.1592194404060089,5.067,21.341,True,0.0
Isopentane,65,160.0,0.1,180,air,15,0.6,15,10,10,5,17.314382941859474,14.879358538137582,80.08453126785855,0.5125631421509613,145.54858338064224,140.5485833806411,198.86808355011115,10.908086603750519,14.451416619586837,10.0,0.1508839906352066,5.067,18.057,True,0.0
Isopentane,75,140.0,0.1,180,air,15,0.6,15,10,10,5,12.646999999993644,11.13019240242277,83.45683981353704,0.37439313203059926,127.99987871836191,122.99987871836186,172.92168710513837,10.66552474591407,12.000121281533268,10.0,0.13625225800844282,5.067,12.647,True,0.0
Isopentane,75,150.0,0.1,180,air,15,0.6,15,10,10,5,14.603329464675767,12.875533897648692,82.11070931997864,0.4323069705351026,135.8630564007085,130.8630564007073,185.95566498300713,10.878212117168573,14.136943599231927,10.0,0.1432477612089799,5.067,15.172,True,0.0
Isopentane,75,160.0,0.1,180,air,15,0.6,15,10,10,5,17.31438270640242,14.879358538137629,80.08453076531646,0.5125631351806518,145.5485825907772,140.548582590776,198.8680847030372,10.908086683138606,14.451417409451892,10.0,0.1508839900545106,5.067,18.057,True,0.0
Isopentane,75,170.0,0.1,180,air,15,0.6,15,10,10,5,21.34099999999991,17.319854894064935,76.1946522138528,0.6317643576080494,158.00087488689127,153.00087488689007,213.47079111951123,10.659864873009383,11.999125113020568,10.0,0.1592194404060122,5.067,21.341,True,0.0
Cyclopentane,65,140.0,0.1,180,air,15,0.6,15,10,10,5,6.811646945167455,10.074044033730303,98.29017921468665,0.14863630612490233,122.1172391807072,117.11723918070766,140.948574526568,11.256148068372568,17.88276081918798,10.0,0.14297734023388814,3.844,7.688,True,0.0
Cyclopentane,65,150.0,0.1,180,air,15,0.6,15,10,10,5,7.62246863485423,11.486243501838393,99.49237005664799,0.16632916981134097,127.58021746193265,122.58021746193384,151.30922619378072,11.71145133482537,22.41978253800778,10.0,0.14970564293975672,4.682,9.365,True,0.0
Cyclopentane,65,160.0,0.1,180,air,15,0.6,15,10,10,5,8.532750025089854,13.015384246714053,100.34316764290003,0.18619233425130854,133.2218178453919,128.22181784539202,161.87607532443212,12.15046548382361,26.778182154837168,10.0,0.15628056435177143,5.649,11.298,True,0.0
Cyclopentane,65,170.0,0.1,180,air,15,0.6,15,10,10,5,9.561216580948274,14.670708901819951,100.8159722823442,0.20863440605367176,139.08290863270014,134.08290863270065,172.66213102742427,12.569300238494577,30.917091367211697,10.0,0.16273018850639634,6.756,13.512,True,0.0
Cyclopentane,65,180.0,0.1,180,air,15,0.6,15,10,10,5,10.733398240190274,16.46392667216257,100.87901433554077,0.23421247158460726,145.2194708798196,140.21947087981857,183.67976697138724,12.962489432106281,34.78052912025282,10.0,0.16908849171399284,6.874,16.032,True,0.0
Cyclopentane,65,190.0,0.1,180,air,15,0.6,15,10,10,5,12.085861215225066,18.41023969792587,100.49437777074132,0.26372443871944024,151.71218538060572,146.71218538060452,194.9377963055929,13.32197507951929,38.287814619310154,10.0,0.17539980064433378,6.874,18.886,True,0.0
Cyclopentane,65,200.0,0.1,180,air,15,0.6,15,10,10,5,13.674552881421553,20.53009881190553,99.61728509099618,0.2983911298641407,158.68528846558775,153.68528846558638,206.43470294276096,13.635109770933639,41.31471153447029,10.0,0.1817274319751173,6.874,22.105,True,0.0
Cyclopentane,65,230.0,0.1,180,air,15,0.6,15,10,10,5,21.482836161073244,28.32302354091037,93.69721239406516,0.46877494353018107,186.157378857288,181.15737885728856,241.27530692577267,13.91419464345313,43.84262114271576,10.0,0.2025565419490812,6.874,34.361,True,0.0
Cyclopentane,65,210.0,0.1,180,air,15,0.6,15,10,10,5,15.593821184941511,22.85253502779641,98.19806210428771,0.3402713026614408,166.34995235908502,161.34995235908565,218.1395134290009,13.880071487472549,43.65004764092191,10.0,0.18817386497260172,6.874,25.726,True,0.0
Cyclopentane,65,220.0,0.1,180,air,15,0.6,15,10,10,5,18.02973628898987,25.422562681808152,96.19741065404043,0.39342517660913173,175.12641952989236,170.12641952989128,229.9286897489746,14.012998330988978,44.87358047143363,10.0,0.19493782604985221,6.874,29.792,True,0.0
Cyclopentane,75,140.0,0.1,180,air,15,0.6,15,10,10,5,6.811646463308078,10.07404403373053,98.2901764300571,0.14863629561029426,122.11723579405151,117.11723579405259,140.94858000783333,11.256148408745673,17.88276420584367,10.0,0.1429773359486123,3.844,7.688,True,0.0
Cyclopentane,75,160.0,0.1,180,air,15,0.6,15,10,10,5,8.53275018281069,13.015384246714108,100.34316838932477,0.18619233769292004,133.22181878335294,128.22181878335283,161.87607383712026,12.150465389064436,26.778181216876135,10.0,0.15628056541445481,5.649,11.298,True,0.0
Cyclopentane,75,150.0,0.1,180,air,15,0.6,15,10,10,5,7.622468864263071,11.486243501838398,99.49237125765922,0.16632917481724968,127.58021894515667,122.58021894515679,151.3092238154604,11.711451185392832,22.419781054783755,10.0,0.149705644717368,4.682,9.365,True,0.0
Cyclopentane,75,170.0,0.1,180,air,15,0.6,15,10,10,5,9.56121592853278,14.67070890182027,100.81596949984635,0.20863439181737475,139.0829050661473,134.08290506614793,172.66213660694567,12.569300599924532,30.91709493376453,10.0,0.16273018469577635,6.756,13.512,True,0.0
Cyclopentane,75,180.0,0.1,180,air,15,0.6,15,10,10,5,10.733398175396584,16.4639266721626,100.87901408762616,0.23421247017075025,145.21947055464034,140.21947055463914,183.67976747170806,12.962489465172212,34.78052944543208,10.0,0.16908849138737836,6.874,16.032,True,0.0
Cyclopentane,75,190.0,0.1,180,air,15,0.6,15,10,10,5,12.085861937872686,18.41023969792601,100.49438023534327,0.26372445448826587,151.71218870269308,146.7121887026919,194.93779129988872,13.321974740452106,38.28781129722279,10.0,0.17539980376807868,6.874,18.886,True,0.0
Cyclopentane,75,200.0,0.1,180,air,15,0.6,15,10,10,5,13.674556200011574,20.530098811905305,99.61729508266922,0.2983912022787808,158.68530238902258,153.6853023890214,206.4346825240008,13.63510834408902,41.314697611035456,10.0,0.18172744416067324,6.874,22.105,True,0.0
Cyclopentane,75,220.0,0.1,180,air,15,0.6,15,10,10,5,18.029737160148855,25.422562681807978,96.19741258519417,0.3934251956186099,175.12642250562595,170.12642250562482,229.92868576631307,14.012998023386046,44.87357749570003,10.0,0.19493782823553157,6.874,29.792,True,0.0
Cyclopentane,75,210.0,0.1,180,air,15,0.6,15,10,10,5,15.593822941716882,22.85253502779658,98.19806670352034,0.3402713409958706,166.34995904556155,161.34995904556223,218.13950397843564,13.88007079930452,43.65004095444539,10.0,0.18817387037246697,6.874,25.726,True,0.0
n-Butane,65,140.0,0.1,180,air,15,0.6,15,10,10,5,25.454999999999423,12.206487241635898,68.53045901757616,0.6705742887249584,128.00066447260724,123.00066447260622,207.9180734898836,10.665445941539133,11.99933552728794,10.0,0.13131615920782566,5.694,25.455,True,0.0
Cyclopentane,75,230.0,0.1,180,air,15,0.6,15,10,10,5,21.48283626231519,28.323023540910093,93.69721257316024,0.468774945739372,186.15737916038898,181.15737916038955,241.27530655735546,13.914194612000927,43.84262083961477,10.0,0.20255654214535238,6.874,34.361,True,0.0
